index,code,country_code,total_pop,destination,destination_code,origin,origin_code,total_mig,life,gni,major1,major1_perc,major2,major2_perc,remit
110,356,IND,1450935791,World,900,India,356,18533845,72.003,9046.756336,Hindus,0.793657583664856,,,137674533895
11658,356,IND,1450935791,India,356,World,900,4796255,72.003,9046.756336,Hindus,0.793657583664856,,,137674533895
98,156,CHN,1408975000,World,900,China,156,11701619,77.953,22029.22253,Unaffiliated,0.896228201190652,,,31410598200
10862,156,CHN,1408975000,China,156,World,900,1638718,77.953,22029.22253,Unaffiliated,0.896228201190652,,,31410598200
257,840,USA,340110988,World,900,United States of America,840,3186999,79.304,73650.03077,Christians,0.640083667216592,Unaffiliated,0.297283761489512,8712000000
26061,840,USA,340110988,United States of America,840,World,900,52375047,79.304,73650.03077,Christians,0.640083667216592,Unaffiliated,0.297283761489512,8712000000
119,360,IDN,283487931,World,900,Indonesia,360,3745148,71.146,13700.12989,Muslims,0.869655398275172,,,16038366972
12172,360,IDN,283487931,Indonesia,360,World,900,445726,71.146,13700.12989,Muslims,0.869655398275172,,,16038366972
114,586,PAK,251269164,World,900,Pakistan,586,6915057,67.649,5501.132932,Muslims,0.965446808510639,,,
11853,586,PAK,251269164,Pakistan,586,World,900,4175958,67.649,5501.132932,Muslims,0.965446808510639,,,
85,566,NGA,232679478,World,900,Nigeria,566,2094265,54.462,5569.374975,Muslims,0.560654205607477,Christians,0.433504672897196,21292957333
9906,566,NGA,232679478,Nigeria,566,World,900,1403281,54.462,5569.374975,Muslims,0.560654205607477,Christians,0.433504672897196,21292957333
240,76,BRA,211998573,World,900,Brazil,76,2194325,75.848,18011.28546,Christians,0.806575289945366,,,4902400448
24588,76,BRA,211998573,Brazil,76,World,900,1406299,75.848,18011.28546,Christians,0.806575289945366,,,4902400448
108,50,BGD,173562364,World,900,Bangladesh,50,8706947,74.672,8497.658639,Muslims,0.910643415514131,,,27596525229
11555,50,BGD,173562364,Bangladesh,50,World,900,2906338,74.672,8497.658639,Muslims,0.910643415514131,,,27596525229
156,643,RUS,143533851,World,900,Russian Federation,643,9134094,73.154,39221.68359,Christians,0.69925531188085,Unaffiliated,0.201953952312632,1907830000
15286,643,RUS,143533851,Russian Federation,643,World,900,7605774,73.154,39221.68359,Christians,0.69925531188085,Unaffiliated,0.201953952312632,1907830000
32,231,ETH,132059767,World,900,Ethiopia,231,1240645,67.315,2795.506984,Christians,0.615792129162462,Muslims,0.36242852337706,490000000
6567,231,ETH,132059767,Ethiopia,231,World,900,1168455,67.315,2795.506984,Christians,0.615792129162462,Muslims,0.36242852337706,490000000
234,484,MEX,130861007,World,900,Mexico,484,11596529,75.069,21812.65566,Christians,0.891719242902208,,,
23636,484,MEX,130861007,Mexico,484,World,900,1726089,75.069,21812.65566,Christians,0.891719242902208,,,
103,392,JPN,123975371,World,900,Japan,392,1008173,84.712,47774.60973,Unaffiliated,0.57458432304038,Buddhists,0.372050673000792,4644199355
11197,392,JPN,123975371,Japan,392,World,900,3409529,84.712,47774.60973,Unaffiliated,0.57458432304038,Buddhists,0.372050673000792,4644199355
60,818,EGY,116538258,World,900,Egypt,818,4820002,71.633,16218.13521,Muslims,0.951701427003293,,,
7888,818,EGY,116538258,Egypt,818,World,900,1139820,71.633,16218.13521,Muslims,0.951701427003293,,,
123,608,PHL,115843670,World,900,Philippines,608,6988383,69.833,10731.20422,Christians,0.914614561027837,,,
12344,608,PHL,115843670,Philippines,608,World,900,87212,69.833,10731.20422,Christians,0.914614561027837,,,
54,180,COD,109276265,World,900,Democratic Republic of the Congo,180,2097387,61.895,1431.047931,Christians,0.962600270861548,,,2000736160
7540,180,COD,109276265,Democratic Republic of the Congo,180,World,900,1085090,61.895,1431.047931,Christians,0.962600270861548,,,2000736160
127,704,VNM,100987686,World,900,Viet Nam,704,3693537,74.588,13032.63533,Unaffiliated,0.676692495921697,Buddhists,0.230220228384992,16000000000
12500,704,VNM,100987686,Viet Nam,704,World,900,326418,74.588,13032.63533,Unaffiliated,0.676692495921697,Buddhists,0.230220228384992,16000000000
111,364,IRN,91567738,World,900,Iran (Islamic Republic of),364,1733468,77.654,16095.77169,Muslims,0.997720018239854,,,
11746,364,IRN,91567738,Iran (Islamic Republic of),364,World,900,3840654,77.654,16095.77169,Muslims,0.997720018239854,,,
144,792,TUR,85518661,World,900,Turkey,792,3130337,77.156,34506.98065,Muslims,0.971076780113834,,,
13661,792,TUR,85518661,Turkey,792,World,900,7083501,77.156,34506.98065,Muslims,0.971076780113834,,,
194,276,DEU,83516593,World,900,Germany,276,4297233,81.378,64053.22124,Christians,0.562358005500419,Unaffiliated,0.361473155566184,21225006283
20225,276,DEU,83516593,Germany,276,World,900,16750084,81.378,64053.22124,Christians,0.562358005500419,Unaffiliated,0.361473155566184,21225006283
125,764,THA,71668011,World,900,Thailand,764,1178757,76.412,20569.90176,Buddhists,0.943886097152429,,,
12414,764,THA,71668011,Thailand,764,World,900,3179399,76.412,20569.90176,Buddhists,0.943886097152429,,,
172,826,GBR,69226000,World,900,United Kingdom,826,4804944,81.302,54371.58634,Christians,0.493689680772086,Unaffiliated,0.402227171492205,4834332874
17813,826,GBR,69226000,United Kingdom,826,World,900,11845479,81.302,54371.58634,Christians,0.493689680772086,Unaffiliated,0.402227171492205,4834332874
45,834,TZA,68560157,World,900,United Republic of Tanzania,834,225017,66.995,3514.632861,Christians,0.646875512547154,Muslims,0.298671477775955,1123259919
7040,834,TZA,68560157,United Republic of Tanzania,834,World,900,462371,66.995,3514.632861,Christians,0.646875512547154,Muslims,0.298671477775955,1123259919
193,250,FRA,68551653,World,900,France,250,2547158,83.325,55060.16038,Christians,0.464572902442725,Unaffiliated,0.426490669094219,38775361344
20130,250,FRA,68551653,France,250,World,900,9186757,83.325,55060.16038,Christians,0.464572902442725,Unaffiliated,0.426490669094219,38775361344
71,710,ZAF,64007187,World,900,South Africa,710,1005800,66.139,13693.98858,Christians,0.852542932628798,,,
8767,710,ZAF,64007187,South Africa,710,World,900,2631100,66.139,13693.98858,Christians,0.852542932628798,,,
181,380,ITA,58952704,World,900,Italy,380,2941444,83.716,52388.88306,Christians,0.804707060590886,,,
18668,380,ITA,58952704,Italy,380,World,900,6553671,83.716,52388.88306,Christians,0.804707060590886,,,
33,404,KEN,56432944,World,900,Kenya,404,540466,63.646,5608.296066,Christians,0.85656836461126,,,
6603,404,KEN,56432944,Kenya,404,World,900,992536,63.646,5608.296066,Christians,0.85656836461126,,,
122,104,MMR,54500091,World,900,Myanmar,104,4320462,66.889,4918.810577,Buddhists,0.890418709920785,,,1150000000
12323,104,MMR,54500091,Myanmar,104,World,900,79052,66.889,4918.810577,Buddhists,0.890418709920785,,,1150000000
242,170,COL,52886363,World,900,Colombia,170,3652238,77.725,18665.94967,Christians,0.862532095595497,,,11873232976
24889,170,COL,52886363,Colombia,170,World,900,3063518,77.725,18665.94967,Christians,0.862532095595497,,,11873232976
105,410,KOR,51751065,World,900,Republic of Korea,410,2030473,84.329,49726.45327,Unaffiliated,0.48264558426533,Christians,0.319899730042422,7449400000
11371,410,KOR,51751065,Republic of Korea,410,World,900,1811507,84.329,49726.45327,Unaffiliated,0.48264558426533,Christians,0.319899730042422,7449400000
63,729,SDN,50448963,World,900,Sudan,729,3786603,66.331,2810.312012,Muslims,0.988459072451379,,,
8185,729,SDN,50448963,Sudan,729,World,900,2397113,66.331,2810.312012,Muslims,0.988459072451379,,,
44,800,UGA,50015092,World,900,Uganda,800,578034,68.252,2736.410021,Christians,0.877417903733693,,,
6998,800,UGA,50015092,Uganda,800,World,900,2057759,68.252,2736.410021,Christians,0.877417903733693,,,
189,724,ESP,48848840,World,900,Spain,724,1623550,83.67,46008.44221,Christians,0.694630872483222,Unaffiliated,0.263632550335571,6328874671
19594,724,ESP,48848840,Spain,724,World,900,8870527,83.67,46008.44221,Christians,0.694630872483222,Unaffiliated,0.263632550335571,6328874671
59,12,DZA,46814308,World,900,Algeria,12,1780399,76.261,15114.17175,Muslims,0.983878292461399,,,1798916386
7836,12,DZA,46814308,Algeria,12,World,900,259458,76.261,15114.17175,Muslims,0.983878292461399,,,1798916386
134,368,IRQ,46042015,World,900,Iraq,368,2313028,72.324,12653.52469,Muslims,0.995014245014245,,,696300000
13156,368,IRQ,46042015,Iraq,368,World,900,370980,72.324,12653.52469,Muslims,0.995014245014245,,,
238,32,ARG,45696159,World,900,Argentina,32,1183381,77.395,25876.05307,Christians,0.884487718521797,,,1044365105
24241,32,ARG,45696159,Argentina,32,World,900,1958039,77.395,25876.05307,Christians,0.884487718521797,,,1044365105
107,4,AFG,42647492,World,900,Afghanistan,4,7528994,66.035,1971.549458,Muslims,0.998720245712823,,,320000000
11538,4,AFG,42647492,Afghanistan,4,World,900,98110,66.035,1971.549458,Muslims,0.998720245712823,,,320000000
254,124,CAN,41288599,World,900,Canada,124,1347381,82.63,54688.41729,Christians,0.53314121037464,Unaffiliated,0.346345297353943,851437898
25829,124,CAN,41288599,Canada,124,World,900,8805839,82.63,54688.41729,Christians,0.53314121037464,Unaffiliated,0.346345297353943,851437898
146,887,YEM,40583164,World,900,Yemen,887,2480734,69.295,1018.20058,Muslims,0.998892886797675,,,
13809,887,YEM,40583164,Yemen,887,World,900,392997,69.295,1018.20058,Muslims,0.998892886797675,,,
62,504,MAR,38081173,World,900,Morocco,504,3627829,75.313,8652.880859,Muslims,0.996992892290869,,,
8138,504,MAR,38081173,Morocco,504,World,900,111069,75.313,8652.880859,Muslims,0.996992892290869,,,
49,24,AGO,37885849,World,900,Angola,24,616967,64.617,6631.276544,Christians,0.93034379671151,,,51039356
7300,24,AGO,37885849,Angola,24,World,900,676507,64.617,6631.276544,Christians,0.93034379671151,,,51039356
158,804,UKR,37860221,World,900,Ukraine,804,9769216,73.422,16933.14453,Christians,0.834377797672337,,,
15599,804,UKR,37860221,Ukraine,804,World,900,5064173,73.422,16933.14453,Christians,0.834377797672337,,,
153,616,POL,36559233,World,900,Poland,616,4572613,78.633,42217.63778,Christians,0.911972753471313,,,
15063,616,POL,36559233,Poland,616,World,900,1739901,78.633,42217.63778,Christians,0.911972753471313,,,
96,860,UZB,36361859,World,900,Uzbekistan,860,2114480,72.388,8825.730893,Muslims,0.956236975290265,,,
10671,860,UZB,36361859,Uzbekistan,860,World,900,1154963,72.388,8825.730893,Muslims,0.956236975290265,,,
121,458,MYS,35557673,World,900,Malaysia,458,2433875,76.657,32553.09108,Muslims,0.641192092062555,Buddhists,0.188846267335497,1605279752
12262,458,MYS,35557673,Malaysia,458,World,900,3806514,76.657,32553.09108,Muslims,0.641192092062555,Buddhists,0.188846267335497,1605279752
141,682,SAU,35300280,World,900,Saudi Arabia,682,236699,78.732,50298.91363,Muslims,0.927073249435302,,,
13555,682,SAU,35300280,Saudi Arabia,682,World,900,13683841,78.732,50298.91363,Muslims,0.927073249435302,,,
38,508,MOZ,34631766,World,900,Mozambique,508,702796,63.611,1355.767076,Christians,0.613385315139701,Muslims,0.194282001299545,266914841
6784,508,MOZ,34631766,Mozambique,508,World,900,353143,63.611,1355.767076,Christians,0.613385315139701,Muslims,0.194282001299545,266914841
78,288,GHA,34427414,World,900,Ghana,288,1055494,65.498,6846.352204,Christians,0.712762621511446,,,3027416789
9328,288,GHA,34427414,Ghana,288,World,900,532286,65.498,6846.352204,Christians,0.712762621511446,,,3027416789
248,604,PER,34217848,World,900,Peru,604,1672482,77.74,14338.70977,Christians,0.944884287454324,,,
25245,604,PER,34217848,Peru,604,World,900,1837219,77.74,14338.70977,Christians,0.944884287454324,,,
34,450,MDG,31964956,World,900,Madagascar,450,212455,63.632,1655.764683,Christians,0.742314335060449,,,
6637,450,MDG,31964956,Madagascar,450,World,900,38625,63.632,1655.764683,Christians,0.742314335060449,,,
76,384,CIV,31934230,World,900,C“te d'Ivoire,384,1211422,61.944,6735.416265,Muslims,0.463001383125865,Christians,0.449170124481328,1090000000
9281,384,CIV,31934230,C“te d'Ivoire,384,World,900,2880839,61.944,6735.416265,Muslims,0.463001383125865,Christians,0.449170124481328,1090000000
113,524,NPL,29651054,World,900,Nepal,524,2637195,70.354,4725.930613,Hindus,0.811874352778737,,,
11829,524,NPL,29651054,Nepal,524,World,900,470719,70.354,4725.930613,Hindus,0.811874352778737,,,
50,120,CMR,29123744,World,900,Cameroon,120,409677,63.7,4746.26582,Christians,0.69820679130103,Muslims,0.251430751621519,630000000
7339,120,CMR,29123744,Cameroon,120,World,900,642948,63.7,4746.26582,Christians,0.69820679130103,Muslims,0.251430751621519,630000000
251,862,VEN,28405543,World,900,Venezuela (Bolivarian Republic of),862,8328514,72.514,7157.08,Christians,0.881153305203938,,,
25406,862,VEN,28405543,Venezuela (Bolivarian Republic of),862,World,900,1263304,72.514,7157.08,Christians,0.881153305203938,,,
260,36,AUS,27196812,World,900,Australia,36,430718,83.923,58276.87643,Christians,0.467754467754468,Unaffiliated,0.423465423465424,1893434964
26672,36,AUS,27196812,Australia,36,World,900,8111404,83.923,58276.87643,Christians,0.467754467754468,Unaffiliated,0.423465423465424,1893434964
84,562,NER,27032412,World,900,Niger,562,439378,61.183,1590.18796,Muslims,0.981028667790894,,,
9873,562,NER,27032412,Niger,562,World,900,449236,61.183,1590.18796,Muslims,0.981028667790894,,,
102,408,PRK,26498823,World,900,Dem. People's Republic of Korea,408,46379,73.642,,Unaffiliated,0.728385615914308,,,
11146,408,PRK,26498823,Dem. People's Republic of Korea,408,World,900,50439,73.642,,Unaffiliated,0.728385615914308,,,
143,760,SYR,24672760,World,900,Syrian Arab Republic,760,8927523,72.12,3917.702385,Muslims,0.941567695961995,,,
13634,760,SYR,24672760,Syrian Arab Republic,760,World,900,896042,72.12,3917.702385,Muslims,0.941567695961995,,,
82,466,MLI,24478595,World,900,Mali,466,1292519,60.439,2341.588118,Muslims,0.941501612160295,,,
9698,466,MLI,24478595,Mali,466,World,900,545323,60.439,2341.588118,Muslims,0.941501612160295,,,
74,854,BFA,23548781,World,900,Burkina Faso,854,2050050,61.092,2390.527778,Muslims,0.674115456238361,Christians,0.279795158286778,590000000
9185,854,BFA,23548781,Burkina Faso,854,World,900,739820,61.092,2390.527778,Muslims,0.674115456238361,Christians,0.279795158286778,590000000
115,144,LKA,21916000,World,900,Sri Lanka,144,1492103,77.483,12615.60045,Buddhists,0.695921985815603,Hindus,0.145390070921986,6721617581
11883,144,LKA,21916000,Sri Lanka,144,World,900,40698,77.483,12615.60045,Buddhists,0.695921985815603,Hindus,0.145390070921986,6721617581
35,454,MWI,21655286,World,900,Malawi,454,427573,67.353,1633.692615,Christians,0.874039938556068,,,
6667,454,MWI,21655286,Malawi,454,World,900,186719,67.353,1633.692615,Christians,0.874039938556068,,,
46,894,ZMB,21314956,World,900,Zambia,894,122793,66.349,3446.675821,Christians,0.982686253934942,,,
7098,894,ZMB,21314956,Zambia,894,World,900,249205,66.349,3446.675821,Christians,0.982686253934942,,,
92,398,KAZ,20592571,World,900,Kazakhstan,398,2796572,74.402,30988.52844,Muslims,0.779260780287475,,,
10447,398,KAZ,20592571,Kazakhstan,398,World,900,2089797,74.402,30988.52844,Muslims,0.779260780287475,,,
52,148,TCD,20299123,World,900,Chad,148,292298,55.069,1748.000992,Muslims,0.563879210220674,Christians,0.389082462253194,
7448,148,TCD,20299123,Chad,148,World,900,1269673,55.069,1748.000992,Muslims,0.563879210220674,Christians,0.389082462253194,
241,152,CHL ,19764771,World,900,Chile,152,444451,81.167,28047.1698,Christians,0.683531233866804,Unaffiliated,0.302529685080021,xxx
24743,152,CHL ,19764771,Chile,152,World,900,1538324,81.167,28047.1698,Christians,0.683531233866804,Unaffiliated,0.302529685080021,xxx
155,642,ROU,19051804,World,900,Romania,642,4583819,75.938,39374.25372,Christians,0.985559566787004,,,
15228,642,ROU,19051804,Romania,642,World,900,655579,75.938,39374.25372,Christians,0.985559566787004,,,
42,706,SOM,19009151,World,900,Somalia,706,1935594,58.816,1474.738459,Muslims,0.998198198198198,,,
6943,706,SOM,19009151,Somalia,706,World,900,77972,58.816,1474.738459,Muslims,0.998198198198198,,,
87,686,SEN,18501984,World,900,Senegal,686,741357,68.683,4202.030729,Muslims,0.975580702799285,,,
9950,686,SEN,18501984,Senegal,686,World,900,281867,68.683,4202.030729,Muslims,0.975580702799285,,,
232,320,GTM,18406359,World,900,Guatemala,320,1460232,72.602,12458.604,Christians,0.919354838709677,,,21644521520
23468,320,GTM,18406359,Guatemala,320,World,900,92732,72.602,12458.604,Christians,0.919354838709677,,,21644521520
243,218,ECU,18135478,World,900,Ecuador,218,1243065,77.392,13986.39698,Christians,0.884900284900285,,,6544355900
24988,218,ECU,18135478,Ecuador,218,World,900,747749,77.392,13986.39698,Christians,0.884900284900285,,,6544355900
198,528,NLD,17993485,World,900,Netherlands,528,631391,82.158,68344.30826,Unaffiliated,0.540816326530612,Christians,0.350907029478458,4719400104
20704,528,NLD,17993485,Netherlands,528,World,900,2956518,82.158,68344.30826,Unaffiliated,0.540816326530612,Christians,0.350907029478458,4719400104
118,116,KHM,17638801,World,900,Cambodia,116,778793,70.668,4931.016842,Buddhists,0.97071129707113,,,2827917512
12113,116,KHM,17638801,Cambodia,116,World,900,83925,70.668,4931.016842,Buddhists,0.97071129707113,,,2827917512
47,716,ZWE,16634373,World,900,Zimbabwe,716,1519324,62.775,3511.463215,Christians,0.871860914359305,,,
7164,716,ZWE,16634373,Zimbabwe,716,World,900,429108,62.775,3511.463215,Christians,0.871860914359305,,,
79,324,GIN,14754785,World,900,Guinea,324,508203,60.74,3494.347723,Muslims,0.868362004487659,,,616420000
9414,324,GIN,14754785,Guinea,324,World,900,117416,60.74,3494.347723,Muslims,0.868362004487659,,,616420000
73,204,BEN,14462724,World,900,Benin,204,726530,60.774,3805.527516,Christians,0.532517214996174,Muslims,0.313695485845448,235644897
9153,204,BEN,14462724,Benin,204,World,900,418202,60.774,3805.527516,Christians,0.532517214996174,Muslims,0.313695485845448,235644897
40,646,RWA,14256567,World,900,Rwanda,646,539046,67.785,2970.559461,Christians,0.970160673297628,,,
6856,646,RWA,14256567,Rwanda,646,World,900,513316,67.785,2970.559461,Christians,0.970160673297628,,,
28,108,BDI,14047786,World,900,Burundi,108,576530,63.651,858.9155681,Christians,0.949286846275753,,,236886516
6441,108,BDI,14047786,Burundi,108,World,900,387101,63.651,858.9155681,Christians,0.949286846275753,,,236886516
239,68,BOL,12413315,World,900,Bolivia (Plurinational State of),68,783473,68.581,9445.244868,Christians,0.88917089678511,,,1284905130
24359,68,BOL,12413315,Bolivia (Plurinational State of),68,World,900,183234,68.581,9445.244868,Christians,0.88917089678511,,,1284905130
64,788,TUN,12277109,World,900,Tunisia,788,715249,76.508,12011.38785,Muslims,0.993316624895572,,,
8226,788,TUN,12277109,Tunisia,788,World,900,63201,76.508,12011.38785,Muslims,0.993316624895572,,,
43,728,SSD,11943408,World,900,South Sudan,728,3168836,57.617,688.3472771,Christians,0.604672897196262,Other_religions,0.32803738317757,1138504150
6961,728,SSD,11943408,South Sudan,728,World,900,914001,57.617,688.3472771,Christians,0.604672897196262,Other_religions,0.32803738317757,1138504150
192,56,BEL,11858610,World,900,Belgium,56,521884,82.115,63582.47535,Christians,0.509532062391681,Unaffiliated,0.389948006932409,15480994451
20002,56,BEL,11858610,Belgium,56,World,900,2349032,82.115,63582.47535,Christians,0.509532062391681,Unaffiliated,0.389948006932409,15480994451
216,332,HTI,11772557,World,900,Haiti,332,2017692,64.936,2934.925802,Christians,0.887900355871886,,,4111002565
22300,332,HTI,11772557,Haiti,332,World,900,19581,64.936,2934.925802,Christians,0.887900355871886,,,4111002565
136,400,JOR,11552876,World,900,Jordan,400,659204,77.814,9221.872358,Muslims,0.970561177552898,,,
13324,400,JOR,11552876,Jordan,400,World,900,5280168,77.814,9221.872358,Muslims,0.970561177552898,,,
213,214,DOM,11427557,World,900,Dominican Republic,214,1917153,73.72,22023.51059,Christians,0.776566757493188,,,11247000000
22058,214,DOM,11427557,Dominican Republic,214,World,900,738667,73.72,22023.51059,Christians,0.776566757493188,,,11247000000
145,784,ARE,10986400,World,900,United Arab Emirates,784,166074,82.909,71142.30475,Muslims,0.729100529100529,,,
13742,784,ARE,10986400,United Arab Emirates,784,World,900,8157000,82.909,71142.30475,Muslims,0.729100529100529,,,
210,192,CUB,10979783,World,900,Cuba,192,1879613,78.085,8415.411708,Christians,0.606440071556351,Unaffiliated,0.215563506261181,
21834,192,CUB,10979783,Cuba,192,World,900,2144,78.085,8415.411708,Christians,0.606440071556351,Unaffiliated,0.215563506261181,
151,203,CZE,10905028,World,900,Czechia,203,583214,79.834,45889.01401,Unaffiliated,0.727962085308057,,,4247984188
14736,203,CZE,10905028,Czechia,203,World,900,1025199,79.834,45889.01401,Unaffiliated,0.727962085308057,,,4247984188
233,340,HND,10825703,World,900,Honduras,340,1397584,72.884,6064.785783,Christians,0.884387351778656,,,9532724045
23559,340,HND,10825703,Honduras,340,World,900,39901,72.884,6064.785783,Christians,0.884387351778656,,,9532724045
185,620,PRT,10694681,World,900,Portugal,620,1799179,82.36,41063.92568,Christians,0.85053037608486,,,
19086,620,PRT,10694681,Portugal,620,World,900,1127184,82.36,41063.92568,Christians,0.85053037608486,,,
94,762,TJK,10590927,World,900,Tajikistan,762,514478,71.79,5746.568969,Muslims,0.988717948717949,,,
10556,762,TJK,10590927,Tajikistan,762,World,900,276777,71.79,5746.568969,Muslims,0.988717948717949,,,
265,598,PNG,10576502,World,900,Papua New Guinea,598,35050,66.134,3970.647707,Christians,0.990835030549898,,,
27194,598,PNG,10576502,Papua New Guinea,598,World,900,31171,66.134,3970.647707,Christians,0.990835030549898,,,
171,752,SWE,10569709,World,900,Sweden,752,223508,83.262,66102.08595,Christians,0.607729468599034,Unaffiliated,0.288888888888889,4469058341
17718,752,SWE,10569709,Sweden,752,World,900,2272158,83.262,66102.08595,Christians,0.607729468599034,Unaffiliated,0.288888888888889,4469058341
179,300,GRC,10405134,World,900,Greece,300,780112,81.857,35760.74915,Christians,0.894392523364486,,,561447512
18401,300,GRC,10405134,Greece,300,World,900,1423964,81.857,35760.74915,Christians,0.894392523364486,,,561447512
130,31,AZE,10202830,World,900,Azerbaijan,31,810116,74.429,20667.95729,Muslims,0.946954813359529,,,1351678000
12763,31,AZE,10202830,Azerbaijan,31,World,900,218460,74.429,20667.95729,Muslims,0.946954813359529,,,1351678000
135,376,ISR,9974400,World,900,Israel,376,324804,82.408,48050.11176,Jews,0.770454545454546,,,
13207,376,ISR,9974400,Israel,376,World,900,2091569,82.408,48050.11176,Jews,0.770454545454546,,,
152,348,HUN,9562065,World,900,Hungary,348,538794,77.024,37236.07462,Christians,0.724102564102564,,,5482220904
14818,348,HUN,9562065,Hungary,348,World,900,689565,77.024,37236.07462,Christians,0.724102564102564,,,5482220904
89,768,TGO,9515236,World,900,Togo,768,584790,62.739,2855.963828,Christians,0.568627450980392,Other_religions,0.189158016147636,600000000
10085,768,TGO,9515236,Togo,768,World,900,281994,62.739,2855.963828,Christians,0.568627450980392,Other_religions,0.189158016147636,600000000
191,40,AUT,9177982,World,900,Austria,40,430560,81.956,63479.20843,Christians,0.681614349775785,Unaffiliated,0.224215246636771,3482501340
19919,40,AUT,9177982,Austria,40,World,900,2327064,81.956,63479.20843,Christians,0.681614349775785,Unaffiliated,0.224215246636771,3482501340
149,112,BLR,9132629,World,900,Belarus,112,790232,74.434,26724.871,Christians,0.851336898395722,,,1377333747
14391,112,BLR,9132629,Belarus,112,World,900,1054604,74.434,26724.871,Christians,0.851336898395722,,,1377333747
199,756,CHE,9005582,World,900,Switzerland,756,512547,83.954,81948.90177,Christians,0.615740740740741,Unaffiliated,0.30787037037037,3635806741
20786,756,CHE,9005582,Switzerland,756,World,900,2773840,83.954,81948.90177,Christians,0.615740740740741,Unaffiliated,0.30787037037037,3635806741
88,694,SLE,8642022,World,900,Sierra Leone,694,63631,61.786,1713.727772,Muslims,0.801517067003793,,,
10009,694,SLE,8642022,Sierra Leone,694,World,900,49997,61.786,1713.727772,Muslims,0.801517067003793,,,
120,418,LAO,7769819,World,900,Lao People's Democratic Republic,418,660258,68.964,8106.153218,Buddhists,0.640816326530612,Other_religions,0.341496598639456,246586346
12235,418,LAO,7769819,Lao People's Democratic Republic,418,World,900,51446,68.964,8106.153218,Buddhists,0.640816326530612,Other_religions,0.341496598639456,246586346
99,344,HKG,7524100,World,900,"China, Hong Kong SAR",344,1240250,85.511,69435.75706,Unaffiliated,0.712950600801068,,,462446994
11008,344,HKG,7524100,"China, Hong Kong SAR",344,World,900,3063318,85.511,69435.75706,Unaffiliated,0.712950600801068,,,462446994
95,795,TKM,7494498,World,900,Turkmenistan,795,365787,70.073,17715.58167,Muslims,0.942446043165468,,,
10634,795,TKM,7494498,Turkmenistan,795,World,900,193763,70.073,17715.58167,Muslims,0.942446043165468,,,
61,434,LBY,7381023,World,900,Libya,434,156874,69.339,19831.43236,Muslims,0.988652482269504,,,
8005,434,LBY,7381023,Libya,434,World,900,897751,69.339,19831.43236,Muslims,0.988652482269504,,,
93,417,KGZ,7221868,World,900,Kyrgyzstan,417,540573,71.677,6078.117589,Muslims,0.917417417417418,,,
10505,417,KGZ,7221868,Kyrgyzstan,417,World,900,194816,71.677,6078.117589,Muslims,0.917417417417418,,,
247,600,PRY,6929153,World,900,Paraguay,600,746362,73.844,15252.22016,Christians,0.936363636363636,,,
25200,600,PRY,6929153,Paraguay,600,World,900,180837,73.844,15252.22016,Christians,0.936363636363636,,,
235,558,NIC,6916140,World,900,Nicaragua,558,905251,74.947,6881.479609,Christians,0.84779299847793,,,
23764,558,NIC,6916140,Nicaragua,558,World,900,43757,74.947,6881.479609,Christians,0.84779299847793,,,
187,688,SRB,6586476,World,900,Serbia,688,963307,76.769,23114.80953,Christians,0.914616497829233,,,
19293,688,SRB,6586476,Serbia,688,World,900,712550,76.769,23114.80953,Christians,0.914616497829233,,,
150,100,BGR,6441421,World,900,Bulgaria,100,1252234,75.636,32174.93003,Christians,0.795093795093795,,,2642960000
14493,100,BGR,6441421,Bulgaria,100,World,900,299100,75.636,32174.93003,Christians,0.795093795093795,,,2642960000
231,222,SLV,6338193,World,900,El Salvador,222,1834670,72.099,10594.84201,Christians,0.871589085072231,,,8488402967
23380,222,SLV,6338193,El Salvador,222,World,900,43342,72.099,10594.84201,Christians,0.871589085072231,,,8488402967
53,178,COG,6332961,World,900,Congo,178,231080,65.772,5902.599066,Christians,0.923478260869565,,,44000000
7483,178,COG,6332961,Congo,178,World,900,385589,65.772,5902.599066,Christians,0.923478260869565,,,44000000
124,702,SGP,6036860,World,900,Singapore,702,269613,83.736,111239.2291,Buddhists,0.307829181494662,Unaffiliated,0.199288256227758,
12380,702,SGP,6036860,Singapore,702,World,900,2841665,83.736,111239.2291,Buddhists,0.307829181494662,Unaffiliated,0.199288256227758,
161,208,DNK,5976992,World,900,Denmark,208,124665,81.933,76007.85669,Christians,0.76843910806175,,,1519481607
15953,208,DNK,5976992,Denmark,208,World,900,847475,81.933,76007.85669,Christians,0.76843910806175,,,1519481607
138,422,LBN,5805962,World,900,Lebanon,422,681720,77.817,11298.88724,Muslims,0.678947368421053,Christians,0.278947368421053,5800000000
13421,422,LBN,5805962,Lebanon,422,World,900,1422583,77.817,11298.88724,Muslims,0.678947368421053,Christians,0.278947368421053,5800000000
164,246,FIN,5619911,World,900,Finland,246,181834,81.91,57067.63693,Christians,0.723327305605787,,,748914874
16498,246,FIN,5619911,Finland,246,World,900,514432,81.91,57067.63693,Christians,0.723327305605787,,,748914874
81,430,LBR,5612817,World,900,Liberia,430,145919,62.163,1537.85939,Christians,0.852427184466019,,,
9643,430,LBR,5612817,Liberia,430,World,900,72423,62.163,1537.85939,Christians,0.852427184466019,,,
170,578,NOR,5572279,World,900,Norway,578,120891,83.308,112710.0211,Christians,0.713754646840149,,,
17454,578,NOR,5572279,Norway,578,World,900,1012404,83.308,112710.0211,Christians,0.713754646840149,,,
157,703,SVK,5422069,World,900,Slovakia,703,389909,78.341,36792.98874,Christians,0.736263736263736,,,
15366,703,SVK,5422069,Slovakia,703,World,900,323991,78.341,36792.98874,Christians,0.736263736263736,,,
166,372,IRL,5395790,World,900,Ireland,372,714405,82.412,90884.63459,Christians,0.813253012048193,,,
16968,372,IRL,5395790,Ireland,372,World,900,1216237,82.412,90884.63459,Christians,0.813253012048193,,,
51,140,CAF,5330690,World,900,Central African Republic,140,905808,57.408,1099.860681,Christians,0.906560636182903,,,
7387,140,CAF,5330690,Central African Republic,140,World,900,94556,57.408,1099.860681,Christians,0.906560636182903,,,
261,554,NZL,5287500,World,900,New Zealand,554,679772,82.088,47259.60137,Unaffiliated,0.512820512820513,Christians,0.402366863905325,598191538
26922,554,NZL,5287500,New Zealand,554,World,900,1467989,82.088,47259.60137,Unaffiliated,0.512820512820513,Christians,0.402366863905325,598191538
139,512,OMN,5281538,World,900,Oman,512,17095,80.031,36096.04123,Muslims,0.81858407079646,,,
13455,512,OMN,5281538,Oman,512,World,900,2283366,80.031,36096.04123,Muslims,0.81858407079646,,,
83,478,MRT,5169395,World,900,Mauritania,478,91705,68.484,6267.470808,Muslims,0.991304347826087,,,
9800,478,MRT,5169395,Mauritania,478,World,900,195937,68.484,6267.470808,Muslims,0.991304347826087,,,
230,188,CRI,5129910,World,900,Costa Rica,188,50982,80.799,23417.21315,Christians,0.878727634194831,,,724796054
23175,188,CRI,5129910,Costa Rica,188,World,900,628404,80.799,23417.21315,Christians,0.878727634194831,,,724796054
137,414,KWT,4897263,World,900,Kuwait,414,167850,80.405,56612.04699,Muslims,0.802272727272727,,,
13354,414,KWT,4897263,Kuwait,414,World,900,3323191,80.405,56612.04699,Muslims,0.802272727272727,,,
236,591,PAN,4515577,World,900,Panama,591,194816,79.594,34384.56813,Christians,0.911421911421911,,,
23860,591,PAN,4515577,Panama,591,World,900,477749,79.594,34384.56813,Christians,0.911421911421911,,,
177,191,HRV,3866200,World,900,Croatia,191,826166,78.58,41379.89027,Christians,0.908860759493671,,,6739238331
18262,191,HRV,3866200,Croatia,191,World,900,527831,78.58,41379.89027,Christians,0.908860759493671,,,6739238331
133,268,GEO,3699557,World,900,Georgia,268,496486,74.496,20752.57009,Christians,0.881578947368421,,,4058448979
13072,268,GEO,3699557,Georgia,268,World,900,81582,74.496,20752.57009,Christians,0.881578947368421,,,4058448979
31,232,ERI,3535603,World,900,Eritrea,232,912792,68.624,2029.070062,Muslims,0.516717325227964,Christians,0.468085106382979,
6513,232,ERI,3535603,Eritrea,232,World,900,12512,68.624,2029.070062,Muslims,0.516717325227964,Christians,0.468085106382979,
104,496,MNG,3524788,World,900,Mongolia,496,175596,71.734,14787.08237,Buddhists,0.51063829787234,Unaffiliated,0.407294832826748,527686176
11303,496,MNG,3524788,Mongolia,496,World,900,22589,71.734,14787.08237,Buddhists,0.51063829787234,Unaffiliated,0.407294832826748,527686176
250,858,URY,3386588,World,900,Uruguay,858,263285,78.138,28649.82199,Unaffiliated,0.523529411764706,Christians,0.444117647058824,136121983
25365,858,URY,3386588,Uruguay,858,World,900,160064,78.138,28649.82199,Unaffiliated,0.523529411764706,Christians,0.444117647058824,136121983
220,630,PRI,3203295,World,900,Puerto Rico,630,1948223,,,Christians,0.88719512195122,,,
22472,630,PRI,3203295,Puerto Rico,630,World,900,223323,,,Christians,0.88719512195122,,,
176,70,BIH,3164253,World,900,Bosnia and Herzegovina,70,1608324,77.85,19827.48588,Muslims,0.536363636363636,Christians,0.445454545454545,3124315487
18235,70,BIH,3164253,Bosnia and Herzegovina,70,World,900,34120,77.85,19827.48588,Muslims,0.536363636363636,Christians,0.445454545454545,3124315487
129,51,ARM,3033500,World,900,Armenia,51,637604,75.683,20220.72319,Christians,0.972318339100346,,,1278216269
12723,51,ARM,3033500,Armenia,51,World,900,274645,75.683,20220.72319,Christians,0.972318339100346,,,1278216269
70,516,NAM,3030131,World,900,Namibia,516,40371,67.385,10916.60872,Christians,0.904761904761905,,,
8638,516,NAM,3030131,Namibia,516,World,900,116035,67.385,10916.60872,Christians,0.904761904761905,,,
169,440,LTU,2888278,World,900,Lithuania,440,459268,76.025,41916.46579,Christians,0.921428571428571,,,
17261,440,LTU,2888278,Lithuania,440,World,900,175194,76.025,41916.46579,Christians,0.921428571428571,,,
140,634,QAT,2857822,World,900,Qatar,634,19821,82.368,105353.268,Muslims,0.760714285714286,,,
13488,634,QAT,2857822,Qatar,634,World,900,2337000,82.368,105353.268,Muslims,0.760714285714286,,,
217,388,JAM,2839175,World,900,Jamaica,388,1248512,71.479,10056.98531,Christians,0.685512367491166,Unaffiliated,0.236749116607774,3564377716
22347,388,JAM,2839175,Jamaica,388,World,900,24007,71.479,10056.98531,Christians,0.685512367491166,Unaffiliated,0.236749116607774,3564377716
77,270,GMB,2759988,World,900,Gambia,270,72452,65.86,2812.017602,Muslims,0.968253968253968,,,529052514
9306,270,GMB,2759988,Gambia,270,World,900,236137,65.86,2812.017602,Muslims,0.968253968253968,,,529052514
56,266,GAB,2538952,World,900,Gabon,266,61160,68.337,18854.06151,Christians,0.836206896551724,,,
7595,266,GAB,2538952,Gabon,266,World,900,449746,68.337,18854.06151,Christians,0.836206896551724,,,
67,72,BWA,2521139,World,900,Botswana,72,16731,69.163,16983.77103,Christians,0.822784810126582,,,128298940
8481,72,BWA,2521139,Botswana,72,World,900,116402,69.163,16983.77103,Christians,0.822784810126582,,,128298940
154,498,MDA,2402306,World,900,Republic of Moldova,498,864257,,,Christians,0.993485342019544,,,
15170,498,MDA,2402306,Republic of Moldova,498,World,900,188207,,,Christians,0.993485342019544,,,
174,8,ALB,2377128,World,900,Albania,8,1216628,79.602,17627.39404,Muslims,0.745644599303136,,,2274440593
18161,8,ALB,2377128,Albania,8,World,900,46377,79.602,17627.39404,Muslims,0.745644599303136,,,2274440593
69,426,LSO,2337423,World,900,Lesotho,426,246938,57.375,3029.3857,Christians,0.973214285714286,,,
8595,426,LSO,2337423,Lesotho,426,World,900,15039,57.375,3029.3857,Christians,0.973214285714286,,,
80,624,GNB,2201352,World,900,Guinea-Bissau,624,103999,64.085,2403.059237,Muslims,0.562189054726368,Christians,0.218905472636816,206107624
9609,624,GNB,2201352,Guinea-Bissau,624,World,900,15064,64.085,2403.059237,Muslims,0.562189054726368,Christians,0.218905472636816,206107624
188,705,SVN,2127400,World,900,Slovenia,705,78808,81.603,46360.80779,Christians,0.657142857142857,Unaffiliated,0.323809523809524,907209654
19369,705,SVN,2127400,Slovenia,705,World,900,315122,81.603,46360.80779,Christians,0.657142857142857,Unaffiliated,0.323809523809524,907209654
55,226,GNQ,1892516,World,900,Equatorial Guinea,226,136825,63.707,12762.46845,Christians,0.883720930232558,,,
7566,226,GNQ,1892516,Equatorial Guinea,226,World,900,248930,63.707,12762.46845,Christians,0.883720930232558,,,
168,428,LVA,1866124,World,900,Latvia,428,161014,76.19,37997.82233,Christians,0.773684210526316,,,
17060,428,LVA,1866124,Latvia,428,World,900,220471,76.19,37997.82233,Christians,0.773684210526316,,,
184,807,MKD,1824359,World,900,North Macedonia,807,534616,77.395,22128.39461,Christians,0.647058823529412,Muslims,0.347593582887701,458211807
19044,807,MKD,1824359,North Macedonia,807,World,900,150902,77.395,22128.39461,Christians,0.647058823529412,Muslims,0.347593582887701,458211807
131,48,BHR,1588670,World,900,Bahrain,48,57160,81.284,52818.79538,Muslims,0.743243243243243,,,
12812,48,BHR,1588670,Bahrain,48,World,900,840202,81.284,52818.79538,Muslims,0.743243243243243,,,
126,626,TLS,1400638,World,900,Timor-Leste,626,109613,67.689,5434.594692,Christians,0.992481203007519,,,
12453,626,TLS,1400638,Timor-Leste,626,World,900,8303,67.689,5434.594692,Christians,0.992481203007519,,,
162,233,EST,1372341,World,900,Estonia,233,124216,79.153,40880.93044,Christians,0.526315789473684,Unaffiliated,0.43609022556391,496264001
16214,233,EST,1372341,Estonia,233,World,900,203046,79.153,40880.93044,Christians,0.526315789473684,Unaffiliated,0.43609022556391,496264001
225,780,TTO ,1368333,World,900,Trinidad and Tobago,780,323630,73.49,27000.14511,Christians,0.702702702702703,,,
22793,780,TTO ,1368333,Trinidad and Tobago,780,World,900,113478,73.49,27000.14511,Christians,0.702702702702703,,,
132,196,CYP,1358282,World,900,Cyprus,196,80760,81.648,45394.15625,Christians,0.676923076923077,Muslims,0.246153846153846,677030115
12879,196,CYP,1358282,Cyprus,196,World,900,202062,81.648,45394.15625,Christians,0.676923076923077,Muslims,0.246153846153846,677030115
36,480,MUS,1245779,World,900,Mauritius,480,114314,74.926,27279.96011,Hindus,0.484375,Christians,0.328125,286874588
6706,480,MUS,1245779,Mauritius,480,World,900,29142,74.926,27279.96011,Hindus,0.484375,Christians,0.328125,286874588
68,748,SWZ,1242822,World,900,Eswatini,748,11561,64.123,9919.08523,Christians,0.932773109243698,,,
8551,748,SWZ,1242822,Eswatini,748,World,900,33268,64.123,9919.08523,Christians,0.932773109243698,,,
30,262,DJI,1168722,World,900,Djibouti,262,3576,65.987,6367.606026,Muslims,0.972972972972973,,,55997202
6495,262,DJI,1168722,Djibouti,262,World,900,125996,65.987,6367.606026,Muslims,0.972972972972973,,,55997202
263,242,FJI,928784,World,900,Fiji,242,181025,67.316,12843.15889,Christians,0.703296703296703,,,430173427
27099,242,FJI,928784,Fiji,242,World,900,14362,67.316,12843.15889,Christians,0.703296703296703,,,430173427
29,174,COM,866628,World,900,Comoros,174,367574,66.777,3481.12144,Muslims,0.9875,,,282441619
6470,174,COM,866628,Comoros,174,World,900,12449,66.777,3481.12144,Muslims,0.9875,,,282441619
246,328,GUY,831087,World,900,Guyana,328,469649,70.18,46959.25173,Christians,0.654320987654321,Hindus,0.234567901234568,600000000
25160,328,GUY,831087,Guyana,328,World,900,54175,70.18,46959.25173,Christians,0.654320987654321,Hindus,0.234567901234568,600000000
266,90,SLB,819198,World,900,Solomon Islands,90,8352,70.528,2777.266749,Christians,0.959459459459459,,,95178837
27250,90,SLB,819198,Solomon Islands,90,World,900,2469,70.528,2777.266749,Christians,0.959459459459459,,,95178837
109,64,BTN,791524,World,900,Bhutan,64,66145,72.975,13842.80353,Buddhists,0.753246753246753,,,109604204
11603,64,BTN,791524,Bhutan,64,World,900,55705,72.975,13842.80353,Buddhists,0.753246753246753,,,109604204
100,446,MAC,687000,World,900,"China, Macao SAR",446,149247,,,Unaffiliated,0.676470588235294,Buddhists,0.191176470588235,135638996
11069,446,MAC,687000,"China, Macao SAR",446,World,900,426862,,,Unaffiliated,0.676470588235294,Buddhists,0.191176470588235,135638996
196,442,LUX,677012,World,900,Luxembourg,442,61859,82.229,85461.24833,Christians,0.666666666666667,Unaffiliated,0.253968253968254,2499573342
20462,442,LUX,677012,Luxembourg,442,World,900,344309,82.229,85461.24833,Christians,0.666666666666667,Unaffiliated,0.253968253968254,2499573342
249,740,SUR,634431,World,900,Suriname,740,258026,73.631,17344.38691,Christians,0.524590163934426,Hindus,0.229508196721311,160306201
25340,740,SUR,634431,Suriname,740,World,900,51902,73.631,17344.38691,Christians,0.524590163934426,Hindus,0.229508196721311,160306201
183,499,MNE,623525,World,900,Montenegro,499,90678,77.087,28026.3304,Christians,0.754098360655738,,,
18988,499,MNE,623525,Montenegro,499,World,900,92237,77.087,28026.3304,Christians,0.754098360655738,,,
182,470,MLT,568847,World,900,Malta,470,43940,83.299,52155.07487,Christians,0.884615384615385,,,
18859,470,MLT,568847,Malta,470,World,900,199466,83.299,52155.07487,Christians,0.884615384615385,,,
112,462,MDV,527799,World,900,Maldives,462,2773,81.041,19317.31882,Muslims,0.94,,,
11773,462,MDV,527799,Maldives,462,World,900,75099,81.041,19317.31882,Muslims,0.94,,,
75,132,CPV,524877,World,900,Cabo Verde,132,146396,76.059,8165.379172,Christians,0.784313725490196,,,333992294
9208,132,CPV,524877,Cabo Verde,132,World,900,16515,76.059,8165.379172,Christians,0.784313725490196,,,333992294
117,96,BRN,462721,World,900,Brunei Darussalam,96,46552,75.327,75826.87338,Muslims,0.822222222222222,,,
12064,96,BRN,462721,Brunei Darussalam,96,World,900,119933,75.327,75826.87338,Muslims,0.822222222222222,,,
229,84,BLZ,417072,World,900,Belize,84,7383,73.566,12343.07814,Christians,0.743589743589744,,,154149602
23126,84,BLZ,417072,Belize,84,World,900,68706,73.566,12343.07814,Christians,0.743589743589744,,,154149602
205,44,BHS,401283,World,900,Bahamas,44,2174,74.552,30974.68074,Christians,0.975,,,65929000
21503,44,BHS,401283,Bahamas,44,World,900,67285,74.552,30974.68074,Christians,0.975,,,65929000
165,352,ISL,386506,World,900,Iceland,352,23326,82.691,69116.93736,Christians,0.72972972972973,,,246075961
16741,352,ISL,386506,Iceland,352,World,900,98818,82.691,69116.93736,Christians,0.72972972972973,,,246075961
267,548,VUT,327777,World,900,Vanuatu,548,15202,71.477,3403.690193,Christians,0.833333333333333,,,
27294,548,VUT,327777,Vanuatu,548,World,900,3315,71.477,3403.690193,Christians,0.833333333333333,,,
264,540,NCL,292639,World,900,New Caledonia,540,5082,,,Christians,0.857142857142857,,,
27144,540,NCL,292639,New Caledonia,540,World,900,76738,,,Christians,0.857142857142857,,,
206,52,BRB,282467,World,900,Barbados,52,19558,76.178,17327.52047,Christians,0.785714285714286,,,85175892
21624,52,BRB,282467,Barbados,52,World,900,35187,76.178,17327.52047,Christians,0.785714285714286,,,85175892
279,258,PYF,281807,World,900,French Polynesia,258,2008,,,Christians,0.928571428571429,,,581560094
27787,258,PYF,281807,French Polynesia,258,World,900,30099,,,Christians,0.928571428571429,,,581560094
57,678,STP,235536,World,900,Sao Tome and Principe,678,41433,69.718,5583.423335,Christians,0.818181818181818,,,
7662,678,STP,235536,Sao Tome and Principe,678,World,900,1955,69.718,5583.423335,Christians,0.818181818181818,,,
281,882,WSM,218019,World,900,Samoa,882,119313,71.698,5952.016925,Christians,1,,,
27872,882,WSM,218019,Samoa,882,World,900,3843,71.698,5952.016925,Christians,1,,,
222,662,LCA,179744,World,900,Saint Lucia,662,21706,72.697,20899.78193,Christians,0.888888888888889,,,
22586,662,LCA,179744,Saint Lucia,662,World,900,8079,72.697,20899.78193,Christians,0.888888888888889,,,
269,316,GUM,167777,World,900,Guam,316,1179,,,Christians,0.9375,,,
27392,316,GUM,167777,Guam,316,World,900,84159,,,Christians,0.9375,,,
211,531,CUW,155967,World,900,Cura‡ao,531,10103,,,Christians,0.894736842105263,,,
21908,531,CUW,155967,Cura‡ao,531,World,900,80020,,,Christians,0.894736842105263,,,
270,296,KIR,134518,World,900,Kiribati,296,6306,66.473,4947.280426,Christians,0.923076923076923,,,14658387
27429,296,KIR,134518,Kiribati,296,World,900,3302,66.473,4947.280426,Christians,0.923076923076923,,,14658387
41,690,SYC,121354,World,900,Seychelles,690,22191,72.862,29195.03792,Christians,0.916666666666667,,,
6877,690,SYC,121354,Seychelles,690,World,900,13261,72.862,29195.03792,Christians,0.916666666666667,,,
214,308,GRD,117207,World,900,Grenada,308,26300,75.205,14349.02804,Christians,0.833333333333333,,,70237557
22207,308,GRD,117207,Grenada,308,World,900,7340,75.205,14349.02804,Christians,0.833333333333333,,,70237557
272,583,FSM,113160,World,900,Micronesia (Fed. States of),583,13568,67.198,4245.878243,Christians,1,,,
27491,583,FSM,113160,Micronesia (Fed. States of),583,World,900,2894,67.198,4245.878243,Christians,1,,,
204,533,ABW,107995,World,900,Aruba,533,29305,,,Christians,0.818181818181818,,,
21447,533,ABW,107995,Aruba,533,World,900,73494,,,Christians,0.818181818181818,,,
227,850,VIR,104377,World,900,United States Virgin Islands,850,4047,,,Christians,0.888888888888889,,,
22870,850,VIR,104377,United States Virgin Islands,850,World,900,56779,,,Christians,0.888888888888889,,,
283,776,TON,104175,World,900,Tonga,776,53237,72.895,7438.210092,Christians,0.909090909090909,,,
27948,776,TON,104175,Tonga,776,World,900,3581,72.895,7438.210092,Christians,0.909090909090909,,,
223,670,VCT,100616,World,900,Saint Vincent and the Grenadines,670,35264,71.23,17246.63609,Christians,0.9,,,
22691,670,VCT,100616,Saint Vincent and the Grenadines,670,World,900,4820,71.23,17246.63609,Christians,0.9,,,
203,,ATG,93772,World,900,Antigua and Barbuda,28,13111,77.598,27386.51793,,,,,26278875
21349,,ATG,93772,Antigua and Barbuda,28,World,900,30473,77.598,27386.51793,,,,,26278875
167,,IMN,84160,World,900,Isle of Man,833,908,,,,,,,
17031,,IMN,84160,Isle of Man,833,World,900,43693,,,,,,,
175,,AND,81938,World,900,Andorra,20,1982,84.041,64631.0749,,,,,52335881
18186,,AND,81938,Andorra,20,World,900,48408,84.041,64631.0749,,,,,52335881
209,,CYM,74457,World,900,Cayman Islands,136,609,,,,,,,10213438
21732,,CYM,74457,Cayman Islands,136,World,900,31935,,,,,,,10213438
212,,DMA,66205,World,900,Dominica,212,21384,71.132,16001.12551,,,,,38629993
21986,,DMA,66205,Dominica,212,World,900,8440,71.132,16001.12551,,,,,38629993
253,,BMU,64636,World,900,Bermuda,60,1100,,,,,,,2346000000
25753,,BMU,64636,Bermuda,60,World,900,20171,,,,,,,2346000000
255,,GRL,56836,World,900,Greenland,304,18491,,,,,,,
26009,,GRL,56836,Greenland,304,World,900,5812,,,,,,,
163,,FRO,54681,World,900,Faroe Islands,234,12282,,,,,,,
16429,,FRO,54681,Faroe Islands,234,World,900,8101,,,,,,,
221,,KNA,46843,World,900,Saint Kitts and Nevis,659,13872,72.145,29105.43743,,,,,36437261
22557,,KNA,46843,Saint Kitts and Nevis,659,World,900,7958,72.145,29105.43743,,,,,36437261
277,,ASM,46765,World,900,American Samoa,16,3362,,,,,,,
27714,,ASM,46765,American Samoa,16,World,900,23684,,,,,,,
226,,TCA,46535,World,900,Turks and Caicos Islands,796,2663,,,,,,,
22842,,TCA,46535,Turks and Caicos Islands,796,World,900,28455,,,,,,,
274,,MNP,44278,World,900,Northern Mariana Islands,580,2779,,,,,,,
27565,,MNP,44278,Northern Mariana Islands,580,World,900,22000,,,,,,,
224,,SXM,43350,World,900,Sint Maarten (Dutch part),534,2464,,,,,,,48417966
22727,,SXM,43350,Sint Maarten (Dutch part),534,World,900,30148,,,,,,,48417966
195,,LIE,40450,World,900,Liechtenstein,438,346,83.63,166811.6741,,,,,
20285,,LIE,40450,Liechtenstein,438,World,900,27669,83.63,166811.6741,,,,,
208,,VGB,39471,World,900,British Virgin Islands,92,6185,,,,,,,
21679,,VGB,39471,British Virgin Islands,92,World,900,24520,,,,,,,
178,,GIB,39329,World,900,Gibraltar,292,474,,,,,,,
18379,,GIB,39329,Gibraltar,292,World,900,11291,,,,,,,
197,,MCO,38631,World,900,Monaco,492,36682,86.372,,,,,,
20693,,MCO,38631,Monaco,492,World,900,27106,86.372,,,,,,
271,,MHL,37548,World,900,Marshall Islands,584,400,66.945,7223.860831,,,,,34450053
27460,,MHL,37548,Marshall Islands,584,World,900,3309,66.945,7223.860831,,,,,34450053
186,,SMR,33977,World,900,San Marino,674,1991,85.706,64706.37558,,,,,21041053
19263,,SMR,33977,San Marino,674,World,900,5838,85.706,64706.37558,,,,,21041053
22690,,MAF,26129,Saint Martin (French part),663,World,900,0,,,,,,,
275,,PLW,17695,World,900,Palau,585,2674,69.269,16034.51036,,,,,1953000
27607,,PLW,17695,Palau,585,World,900,5212,69.269,16034.51036,,,,,1953000
273,,NRU,11947,World,900,Nauru,520,2484,62.109,19642.3777,,,,,2235115
27527,,NRU,11947,Nauru,520,World,900,2548,62.109,19642.3777,,,,,2235115
284,,TUV,9646,World,900,Tuvalu,798,1239,67.105,7005.520781,,,,,2000000
27976,,TUV,9646,Tuvalu,798,World,900,246,67.105,7005.520781,,,,,2000000
